postcode;archetype;l_pc6_consumption_kwh_m3;baseline_2017_kwh_m3;calibrated_2017_kwh_m31094NS;MFH_1964;38.1789028;39.10472974;39.769109091094SH;MFH_75_91;32.27265252;27.77184124;33.775952341094ME;MFH_75_91;52.42372203;26.64563553;36.215225231094SR;MFH_1964;40.79323823;42.24161841;43.003412021094SP;MFH_1964;33.64931766;33.29860433;35.113676721094NR;MFH_1964;40.23472461;43.69337143;43.12875681094SC;MFH_75_91;35.21360149;28.17835081;37.797819441094LW;MFH_75_91;36.37514065;29.31896282;34.765495691094EW;MFH_75_91;36.28057845;26.24534723;35.79460935