;postcode;archetype;l_pc6_consumption_kwh_m3;posterior_2017_kwh_m30;1094NS;MFH_1964;38.1789028;41.168546741;1094SH;MFH_75_91;32.27265252;33.775871222;1094ME;MFH_75_91;52.42372203;32.491498713;1094SB;MFH_75_91;58.13194023;27.188898394;1094SR;MFH_1964;40.79323823;43.001763025;1094SP;MFH_1964;33.64931766;36.19673926;1094NR;MFH_1964;40.23472461;44.507157047;1094SC;MFH_75_91;35.21360149;34.12350288;1094LW;MFH_75_91;36.37514065;31.864949559;1094EW;MFH_75_91;36.28057845;35.79460935