postcode;archetype;l_pc6_consumption_kwh_m3;baseline_2017_kwh_m3;posterior_2017_kwh_m31094NS;MFH_1964;38.1789028;39.10472974;41.168546741094SH;MFH_75_91;32.27265252;27.77184124;33.775871221094ME;MFH_75_91;52.42372203;26.64563553;32.491498711094SR;MFH_1964;40.79323823;42.24161841;43.001763021094SP;MFH_1964;33.64931766;33.29860433;36.19673921094NR;MFH_1964;40.23472461;43.69337143;44.507157041094SC;MFH_75_91;35.21360149;28.17835081;34.12350281094LW;MFH_75_91;36.37514065;29.31896282;31.864949551094EW;MFH_75_91;36.28057845;26.24534723;35.79460935